id	category	utterance	plan
FenceCheckAvailability8	p3	When is my Standup event?	"theEvent(called(""Standup"")).start"
AfterAndRightAfterSingleEvent	p0	What do I have right after yoga	"findEvents(rightAfter(theEvent(called(""yoga""))))"
EventLocationByTitle	p2	Where's Planning?	"theEvent(called(""Planning"")).location"
delete05	p3	Cancel my meeting with Brad tomorrow	"deleteEvent(theEvent(with_(""Brad"") and queryAt(tomorrow)))"
delete06	p3	Cancel my Planning on August 12th	"deleteEvent(theEvent(called(""Planning"") and queryAt(August /& 12)))"
callHerSalientHistoryOneshot	p1	Call her	call(callWith(her))
currentUserResponseStatus	p2	How did I reply to Planning?	"theEvent(called(""Planning"")).currentUserResponseStatus"
Query at date time	p0	What do I have at 6 pm tomorrow?	findEvents(queryAt(6.pm on tomorrow))
eventOnADate - change date	p1	What do I have on Saturday?	findEvents(queryAt(Saturday))
multiEventsAttendeesBySubject		Who is required at Standup?	"theEvent(called(""Standup"")).attendees.withType(AttendeeType.required)"
nextOneOnOne	p0	When is my next 1:1?	theEvent(next[Event] and isOneOnOne).start
lastMultipleEventsTodayDuration		How long is today's last event?	theEvent(last[Event] and queryAt(today)).duration
First turn refer using client context get existing status - no conflict	p1	Am I free then?	availabilityIncludingMe(createAt(that[Interval[Instant]])).nonEmpty
	p0	Schedule a party with Kim, David and Dan this Memorial Day at 5 pm	"createEvent(((called(""party"") and with_(""Kim"")) and with_(""David"")) and with_(""Dan"") and createAt(5.pm on (`this`[Date] /& Holiday.MemorialDay)))"
10 Create with date time eyes off	p0	Create an event next Monday at 9 am	createEvent(createAt(9.am on (next[Date] /& Monday)))
QueryOnDateWithMonthWeek	p0	What do I have in the week of 15th August?	findEvents(queryAt(theDate(August /& 15).weekInterval))
Query by date tomorrow - clobber today afternoon	p1	What are my meetings tomorrow?	findEvents(queryAt(tomorrow))
EventLocationByTitleOnline	p2	Where's Standup?	"theEvent(called(""Standup"")).location"
queryBySubject2	p0	What do I have on my calendar named team chats?	"findEvents(called(""team chats""))"
MakePlanningEvent2	p0	Make a planning event	"createEvent(called(""planning""))"
findPerson	p0	Who is David?	"thePerson(""David"")"
createWithUnknownAttendeeEyesOff	p0	Create a meeting with Jane	"createEvent(with_(""Jane""))"
callMyTeamOneshot	p1	Call my team	call(callWith(me.communicationTeam))
	p0	Schedule a parent teacher conference with Kim, Damon and Kelly last Friday at 9 am	"createEvent(((called(""parent teacher conference"") and with_(""Kim"")) and with_(""Damon"") and with_(""Kelly"")) and createAt(9.am on (last[Date] /& Friday)))"
callingPersonTypeNotSupportedError	p1	Call Karl	"call(callWith(""Karl""))"
	p0	Create a meeting with David at 5pm today	"createEvent(with_(""David"") and createAt(5.pm on today))"
createWithFractionalDuration1	p1	Set up a 3/4 hour meeting.	createEvent(lastsFor((3/4).hours))
sayPersonNonePhone	p0	What is Abby's phone number?	"thePerson(""Abby"").phoneNumber"
createTonight	p0	Create an event tonight.	createEvent(createAt(tonight))
setStatusAppearAwayWithMessage	p2	Set my status to appear away and say I'm away	"setStatus(setStatusToWithMessage(UserStatus.AppearAway, ""I'm away""))"
clobberLaterRelative - multiple conditions	p0	Schedule a meeting with Jesse	"createEvent(with_(""Jesse""))"
callMyManagerOneshot	p1	Call my manager	call(callWith(me.manager))
QueryWeekEventBinary - change attendee	p1	Am I meeting with David this week?	"findEvents(with_(""David"") and queryAt(`this`[Interval[Date]] and isWeek)).nonEmpty"
NoEventInTimeOfDayWithoutDate	p0	What do I have in the evening?	findEvents(queryAt(evening))
Query - change the interval	p1	what are my meetings this morning?	findEvents(queryAt(morning on `this`[Date]))
eventStartLastMultiple		When's my last meeting on Monday?	theEvent(last[Event] and queryAt(Monday)).start
setStatusAppearAwaySingle	p2	Set my status to appear away	setStatus(setStatusTo(UserStatus.AppearAway))
d47annotator1_0	decomp	Find meetings on Friday	findEvents(queryAt(Friday))
createTitleDay	p0	Add lunch for tomorrow	"createEvent(called(""lunch"") and createAt(tomorrow))"
noEventThisWeek	p0	What events do I have this week?	findEvents(queryAt(`this`[Interval[Date]] and isWeek))
whatDateRightNow	p2	What is the date right now?	now.local.date
CreateInConferenceRoom	p1	Add a meeting in conference room 354.	"createEvent(withResource(theConferenceRoom(""354"")))"
sendMailWithRecipient	p0	Send an email to David.	"createEmail(messageWithTo(""David""))"
createSalientTimeOfDayPersonEyesOff	p2	When is my next Yearly Planning meeting?	"theEvent(next[Event] and called(""Yearly Planning meeting"")).start"
whatTime	p2	What time is it?	now
AfterAndRightAfterNoEvent	p0	What do I have after walk	"findEvents(after(theEvent(called(""walk""))))"
attendeesIsInvitedFalse	p2	Is Kim invited to Team meeting?	"theEvent(called(""Team meeting"")).attendees.isInvited(thePerson(""Kim""))"
createConfirmCriticalEyesOff	p0	Schedule jogging	"createEvent(called(""jogging""))"
createEventBeforeTime	p1	Schedule a meeting before 2 pm.	createEvent(createAt(before(2.pm)))
eventThisTimeOfDay	p0	What's going on this afternoon?	findEvents(queryAt(afternoon on `this`[Date]))
eventEndByNext	p2	When does my next meeting end?	theEvent(next[Event]).end
NoOfInviteesNoAttendee	p2	How many folks are on SM Leads meeting tomorrow?	"theEvent(called(""SM Leads meeting"") and queryAt(tomorrow)).attendees.otherPeople.size"
query events in x weeks	p0	What do I have in two weeks?	findEvents(queryAt(theDate((today + 2.weeks)).weekInterval))
multipleOneOnOneWithAttendee		when does my one on one with Brad start?	"theEvent(isOneOnOne and with_(""Brad"")).start"
deleteSalientEvent	p3	What is my meeting tomorrow with Leah?	"theEvent(queryAt(tomorrow) and with_(""Leah""))"
eventByDayAndTimeOfDay	p0	What do I have on the morning of July 1st?	findEvents(queryAt(morning on (July /& 1)))
Query on that week eyes off	p0	What do I have tonight?	findEvents(queryAt(tonight))
createApptWithDurationWithSubject	p0	Block 20 minutes to review presentation notes	"createEvent(lastsFor(20.minutes) and called(""review presentation notes""))"
deleteSalientEvent	p3	Delete this event	deleteEvent(theEvent(`this`[Event]))
sendMailWithBodyEyesOff2	p0	Start an email saying I need to grab the documents from David.	"createEmail(messageBodyIs(""I need to grab the documents from David""))"
replyMailToPersonChangeSubject	p1	Reply to Julia and change the subject to Party planning.	"replyEmail(messageIdIs(theEmail(`this`[Email]).id) and messageWithTo(""Julia"") and messageTitleIs(""Party planning""))"
checkAvailability5	p3	What time am I free today?	availabilityIncludingMe(createAt(today))
setStatusBusySingle	p2	Set my status to busy	setStatus(setStatusTo(UserStatus.Busy))
EventLocationByPeopleMultipleAttendees	p2	Where's my meeting with Kelly?	"theEvent(with_(""Kelly"")).location"
Create - set the duration	p0	make a meeting	createEvent0
clobber later relative	p0	Block off 2 hours this evening	createEvent(lastsFor(2.hours) and createAt(evening on `this`[Date]))
createWithDateWithAttendee1EyesOff	p0	Make a meeting Tuesday morning with Abby	"createEvent(createAt(morning on Tuesday) and with_(""Abby""))"
joinNextMeeting10MinsOut	p1	Join the next event	joinEvent(theEvent(next[Event]))
sayPersonNoCompanyName	p0	Where does David work?	"thePerson(""David"").companyName"
IsOnlineMeeting	p2	Does Planning have an online link?	"theEvent(called(""Planning"")).isOnlineMeeting"
singleEventThisWeekend	p0	What events do I have this weekend?	findEvents(queryAt(`this`[Interval[Date]] and isWeekend))
replyMailWithTwoRecipientsEyesOff	p1	Reply to this email and add Jen and Jesse	"replyEmail(messageIdIs(theEmail(`this`[Email]).id) and messageWithTo(""Jen"") and messageWithTo(""Jesse""))"
callingPeopleMobileOneshot	p1	Call Crystal and Jordan on their mobile	"call(callWithType(""Crystal"", ContactType.Mobile) and callWithType(""Jordan"", ContactType.Mobile))"
	p0	Make me a meeting called 'call with Jesse and David'. It needs to be a Teams call	"createEvent(isTeams and called(""call with Jesse and David""))"
eventRightNowBoolean	p0	Do I have anything right now?	findEvents(queryAt(now)).nonEmpty
DeleteAppointmentByTitle	p3	Can you delete my project planning	"deleteEvent(theEvent(called(""project planning"")))"
queryBySubjectEyesOff	p0	What do I have with subject Team Meeting?	"findEvents(called(""Team Meeting""))"
d47annotator1_1	decomp	Delete each meeting after the sixth meeting in the list s1	s1.drop(6).map(x => deleteEvent(x))
callingPersonTeamsOneshot	p1	Call Bryan	"call(callWith(""Bryan""))"
eventBeforeStartOfBusinessHoursOnDate	p0	What do I have before the start of business tomorrow?	findEvents(queryAt(before(businessHours.lower) on tomorrow))
d31annotator2_4	decomp	Get the start time from event s4	s4.start.local.time
multiNthEventsStart		What time does my second event on Monday begin?	theEvent(nth[Event](2) and queryAt(Monday)).start
basicReplyAllMail	p1	Reply to everybody on this mail.	replyAllEmail(messageIdIs(theEmail(`this`[Email]).id))
eventCountByDate	p0	How many events do I have today?	findEvents(queryAt(today)).size
eventResponse6	p2	Accept my invite to 'Planning'.	"respond(theEvent(called(""Planning"")), withResponse(ResponseStatusType.accepted))"
findFile-1	p0	Search for SM annotation doc	"findFile(withTitle(""SM annotation"") and withType(""doc""))"
chatOnTMSalientHistoryEventOneShotEyesOff	p1	When am I meeting Kelly next	"theEvent(next[Event] and with_(""Kelly"")).start"
Create - allday month	p0	Create an all day event sometime in August	createEvent(isAllDay and createAt(August))
	p0	"Add a meeting called ""sync"" with Jordan and Izabela tomorrow at 11 am"	"createEvent((called(""sync"") and with_(""Jordan"")) and with_(""Izabela"") and createAt(11.am on tomorrow))"
Create starting at time in eyes off	p1	Schedule a meeting starting at 9 am	createEvent(startsAt(9.am))
QueryOnDateWithMonthWeek	p0	What do I have in the week of 9th August?	findEvents(queryAt(theDate(August /& 9).weekInterval))
	p0	I need a quick sync in 10 minutes	"createEvent(called(""quick sync"") and createAt(now + 10.minutes))"
createWithDateTimeWith3Attendees0EyesOff	p0	Make an event for next Monday at 11 am with Abby, Jesse, and Kim	"createEvent((createAt(11.am on (next[Date] /& Monday)) and with_(""Abby"") and with_(""Jesse"")) and with_(""Kim""))"
Delete non-existent event	p3	Delete the all hands	"deleteEvent(theEvent(called(""all hands"")))"
toRecipientsExample		How many people was the shiproom message sent to?	"findChatMessage(messageTitleIs(""shiproom"")).toRecipients.size"
eventBeforeDayOfWeek	p0	What do I have before Monday?	findEvents(queryAt(before(theDate(Monday))))
basicReplyMailWithMessageEyesOff	p1	Reply to this email and say I am not so sure about this	"replyEmail(messageIdIs(theEmail(`this`[Email]).id) and messageBodyIs(""I am not so sure about this""))"
multipleNextEventsAttendees		When is my next event with Kelly?	"theEvent(next[Event] and with_(""Kelly"")).start"
queryEventBeforeDate	p0	What's on my schedule before October 5th.	findEvents(queryAt(before(October /& 5)))
OneEventOnHolidayWeek	p0	What do I have in the week of Halloween?	findEvents(queryAt(theDate(Holiday.Halloween).weekInterval))
christmas	p2	When is Christmas this year?	theDate(Holiday.Christmas /& yearIs(today.year))
firstEventTomorrow	p2	Did Megan accept that?	"theEvent(that[Event]).attendees.isAttending(thePerson(""Megan""))"
setStatusDoNotDisturbWithMessage	p2	Set my status to do not disturb and say I'm busy	"setStatus(setStatusToWithMessage(UserStatus.DoNotDisturb, ""I'm busy""))"
queryBySubject0	p0	Show me meetings called Standup.	"findEvents(called(""Standup""))"
forwardMailToEventAttendeesAddRecipient-2	p1	Forward this email to the attendees from tomorrow's Standup and to Bryan	"forwardEmail(messageIdIs(theEmail(`this`[Email]).id) and messageWithTo(theEvent(queryAt(tomorrow) and called(""Standup"")).attendees.all) and messageWithTo(""Bryan""))"
createWithAttendee5	p1	I need to make an event with the people from this meeting	createEvent(with_(theEvent(`this`[Event]).attendees))
queryEventBeforeThisDOW	p0	What do I have before this Saturday?	findEvents(queryAt(before(theDate(`this`[Date] /& Saturday))))
multipleEventsLocation0		Where is my event called Team meeting supposed to take place?	"theEvent(called(""Team meeting"")).location"
queryEventBeforeNthDOW	p0	What do I have before the first Monday of next October?	findEvents(queryAt(before(theDate(nth[Date](1) /& Monday /& (next[Interval[Date]] and monthOf(October))))))
Query at date	p0	What is my schedule like tomorrow?	findEvents(queryAt(tomorrow))
oneTeamsEventWithAttendeeEyesOff	p0	Search for meetings with Kelly.	"findEvents(with_(""Kelly""))"
eventResponse3	p2	Tentatively accept the meeting with Megan.	"respond(theEvent(with_(""Megan"")), withResponse(ResponseStatusType.tentativelyAccepted))"
queryBySubject0	p0	Find events titled quarterly review.	"findEvents(called(""quarterly review""))"
multipleEventsWithOrganizerEyesOff	p0	Can you find the event Damon created?	"theEvent(organizedBy(""Damon""))"
checkAvailability9	p3	When is my Planning event?	"theEvent(called(""Planning"")).start"
Create with time in eyes off	p0	Schedule a meeting at 9 am	createEvent(createAt(9.am))
eventFromEmail2	p0	Create a meeting with them at 10 am tomorrow.	createEvent(with_(them) and createAt(10.am on tomorrow))
forwardMailToRecipientWithNewTitle	p1	Forward this email to Bryan and call it Sharing for visibility	"forwardEmail(messageIdIs(theEmail(`this`[Email]).id) and messageWithTo(""Bryan"") and messageTitleIs(""Sharing for visibility""))"
intervalIntersection		Does the project meeting overlap with lunch?	"theEvent(called(""project"")).interval.intersects(theEvent(called(""lunch"")).interval)"
createWithAttendee1EyesOff	p0	Create a meeting with David and Jen	"createEvent(with_(""David"") and with_(""Jen""))"
eventStartByPeople2	p2	When's my meeting with Kelly?	"theEvent(with_(""Kelly"")).start"
createOrganizerStatusOOF	p3	Can you create a coffee meeting and show my status as out of office	"createEvent(called(""coffee meeting"") and withStatus(FreeBusyStatus.oof))"
sayPersonJobTitle	p0	What is Kim's job title?	"thePerson(""Kim"").jobTitle"
multipleEventsSubject		What is my meeting called?	theEvent0.subject.get
findGeneral-2	p0	What is outlook mobile	"findGeneral(withQueryString(""outlook mobile""))"
eventStartByPeople3	p2	When is the event with Jesse tomorrow?	"theEvent(with_(""Jesse"") and queryAt(tomorrow)).start"
	p2	Who has accepted the Standup event tomorrow?	"theEvent(called(""Standup"") and queryAt(tomorrow)).attendees.withResponse(ResponseStatusType.accepted)"
eventByDayAndTimeOfDay	p0	What do I have Saturday morning?	findEvents(queryAt(morning on Saturday))
nthEventTimeOfDay	p2	Accept this event	respond(theEvent(`this`[Event]), withResponse(ResponseStatusType.accepted))
Query at time	p0	What do I have starting at 6 pm?	findEvents(startsAt(6.pm))
queryBySubject0	p0	Search for appointments by the name of Lunch.	"findEvents(called(""Lunch""))"
unspecifiedErrorTest		Create an event with a location	createEvent(locatedAt(locationNamed(unspecified[String])))
	p0	Schedule an event that starts at 2 pm tomorrow with David for 15 minutes	"createEvent((startsAt(2.pm on tomorrow) and with_(""David"")) and lastsFor(15.minutes))"
cloberCreateWithStatus	p0	create a meeting with David	"createEvent(with_(""David""))"
basicForwardMail	p1	Forward this email.	forwardEmail(messageIdIs(theEmail(`this`[Email]).id))
queryBySubject1	p0	What do I have with subject All Hands?	"findEvents(called(""All Hands""))"
callHerSalientHistoryOneshot	p1	Who is Kelly?	"thePerson(""Kelly"")"
basicReplyAllWithMessage	p1	Reply to everybody on this email and say I am not so sure about this, can we chat soon?	"replyAllEmail(messageIdIs(theEmail(`this`[Email]).id) and messageBodyIs(""I am not so sure about this, can we chat soon?""))"
nextWithOneUpcomigEventOnly	p0	What do I have next?	theEvent(next[Event])
videoCallPeopleOneshot	p1	Video call with Bryan and Kelly	"call(modeIs(CallMode.Video) and callWith(""Bryan"") and callWith(""Kelly""))"
findEmails-7	p1	Can you find the emails from Lisa from last week	"findEmails(messageWithSender(""Lisa"") and messageSentAt(last[Interval[Date]] and isWeek))"
fromDateTimeToDateTimeExample		What do I have between 5pm today and 9am tomorrow?	findEvents(queryAt(fromDateTimeToDateTime(today, 5.pm, tomorrow, 9.am)))
Create starting at date time eyes off	p1	Schedule a meeting that starts at 3 pm tomorrow	createEvent(startsAt(3.pm on tomorrow))
createApptWithTimeAndSubject	p0	Block an hour for Kayla's homework at 4	"createEvent(lastsFor(1.hours) and called(""Kayla's homework"") and createAt(4.oclock))"
composeEmailForEventWithSubjectAttendees	p0	Send an email to the attendees of event titled standup saying I will be late	"createEmail(messageWithTo(theEvent(called(""standup"")).attendees.all) and messageBodyIs(""I will be late""))"
multipleEventsLocation2		Where is my meeting with Brad located?	"theEvent(with_(""Brad"")).location"
setStatusAppearOfflineWithMessage	p2	Set my status to appear offline and say I'm offline	"setStatus(setStatusToWithMessage(UserStatus.Offline, ""I'm offline""))"
createEventAfterDate	p0	Schedule a meeting after tomorrow.	createEvent(createAt(after(tomorrow)))
forwardMailWithRecipient	p1	Forward this email to Jen	"forwardEmail(messageIdIs(theEmail(`this`[Email]).id) and messageWithTo(""Jen""))"
createEventBeforeTimeInterval	p1	Schedule a meeting before afternoon.	createEvent(createAt(before(afternoon)))
multiEventsOrganizerBySubject		Who is the organizer of Standup	"theEvent(called(""Standup"")).attendees.organizer"
queryBySubject0EyesOff	p0	What's on my calendar by the name of Sales Call?	"findEvents(called(""Sales Call""))"
	p0	Create an event on August 11th at 9 pm called late dinner	"createEvent(createAt(9.pm on (August /& 11)) and called(""late dinner""))"
Query at date	p0	What do I have today?	findEvents(queryAt(today))
d21annotator2_0	decomp	Get Kevin's reports	thePerson("Kevin").directReports
durationBetweenInstantsExample		How much time is between my first two meetings today?	durationBetweenInstants(theEvent(nth[Event](1) and queryAt(`this`[Date])).end, theEvent(nth[Event](2) and queryAt(`this`[Date])).start)
sayPersonOfficeLocationEyesOff	p0	Where is Damon's office	"thePerson(""Damon"").officeLocation"
callThemSalientHistoryOneshot	p1	Call them	call(callWith(them))
Query at time interval eyesOff	p0	What do I have between 11 am and 3:30 pm tomorrow?	findEvents(queryAt(timeInterval(11.am, (3::30).pm) on tomorrow))
queryBySubjectEyesOff	p0	Bring up events called Doctor Appointments	"findEvents(called(""Doctor Appointments""))"
d16annotator2_0	decomp	Find events at 3 pm mountain time	findEvents(queryAt(3.pm inZone TimeZone("MST")))
mutipleRecurrentEventsStart		When is stand up?	"theEvent(called(""stand up"")).start"
jobTitleIsExampleNamedExample		Who is the engineer named Peter?	"thePerson(jobTitleIs(""engineer"") and named(""Peter""))"
createAllDayWithDate	p3	Create all day meeting on Friday	createEvent(isAllDay and createAt(Friday))
	p2	What day is it?	now.date.dayOfWeek
eventStartByTitle1	p2	When's Virtual Standup?	"theEvent(called(""Virtual Standup"")).start"
3 Query by date today and yesterday	p0	Find appointments from yesterday.	findEvents(queryAt(yesterday))
Create - change two attendees - 2	p0	Create a meeting called coffee with David and Jesse	"createEvent((called(""coffee"") and with_(""David"")) and with_(""Jesse""))"
delete nth DOW	p3	Cancel my meeting on the third Monday in February	deleteEvent(theEvent(queryAt(nth[Date](3) /& Monday /& (monthOf(February)))))
AfterAndRightAfterMultipleEvents	p0	What do I have after coffee	"findEvents(after(theEvent(called(""coffee""))))"
createNoAMPMEyesOff	p0	Can you make me a meeting on Thursday at 3	createEvent(createAt(3.oclock on Thursday))
d2annotator1_1	decomp	Filter the list of persons s1 to keep only those that don't have a one-on-one meeting with the user this week	s1.filter(x => findEvents(with_(x) and isOneOnOne and queryAt(`this`[Interval[Date]] and isWeek)).isEmpty)
QueryNext - change attendee	p1	What's my next meeting with David?	"theEvent(next[Event] and with_(""David""))"
createClobberInDuration	p0	Create an event.	createEvent0
updateDateEyesOff	p1	Do I have any meetings with Brad today?	"findEvents(with_(""Brad"") and queryAt(today)).nonEmpty"
noEventWithAttendee4	p0	What do I have on my schedule with Dan?	"findEvents(with_(""Dan""))"
	p0	Make me a meeting tomorrow with Abby and Kelly and make it 15 mins	"createEvent((createAt(tomorrow) and with_(""Abby"")) and with_(""Kelly"") and lastsFor(15.minutes))"
basicUnflagMail-2	p1	Unflag that email.	unflagEmail(messageIdIs(theEmail(that[Email]).id))
sendMailWithRecipientsBody	p0	Send an email to Jen and David saying I will be late.	"createEmail(messageWithTo(""Jen"") and messageWithTo(""David"") and messageBodyIs(""I will be late""))"
Create - change the date - DOW	p0	Create a meeting tomorrow	createEvent(createAt(tomorrow))
multipleEventsAttendeeStart		When is that event with Brad tomorrow?	"theEvent(with_(""Brad"") and queryAt(tomorrow)).start"
eventAttendeesByTime	p2	Who's on my 5 PM?	theEvent(queryAt((5).pm)).attendees.all
Query with datetime variations	p0	What meetings do I have at 10 am on September 5th?	findEvents(queryAt(10.am on (September /& 5)))
createWithUnknownAttendee1	p0	Create a meeting with David and Jane	"createEvent(with_(""David"") and with_(""Jane""))"
d249annotator1_1	decomp	Change the event s1 to include Ben and remove Hao	modifyEvent(s1, with_("Ben") and not(with_("Hao")))
createWithMonthTOD	p0	Create an event next month in the morning.	createEvent(createAt(morning on (next[Interval[Date]] and isMonth)))
oneEventWithMultipleAttendees	p0	What's on my calendar that includes Kelly, Megan, and Jesse?	"findEvents((with_(""Kelly"") and with_(""Megan"")) and with_(""Jesse""))"
eventStartByTimeRangeDay	p2	When's my meeting tomorrow morning?	theEvent(queryAt(morning on tomorrow)).start
callingPeopleGroupCallFeatureDisabled	p1	Call Bryan and Jen	"call(callWith(""Bryan"") and callWith(""Jen""))"
salientMultipleEvents	p0	What's after that?	findEvents(after(theEvent(that[Event])))
noEventMultipleAttendees2	p0	What appointments do I have with Brad and Kim?	"findEvents(with_(""Brad"") and with_(""Kim""))"
3 Create with start date time and duration Eyes-off	p0	Make a 4 hour event starting next Monday at 11 am	createEvent(lastsFor(4.hours) and startsAt(11.am on (next[Date] /& Monday)))
salientPeopleEyesOff	p1	Who is coming to Standup meeting?	"theEvent(called(""Standup meeting"")).attendees.withResponse(ResponseStatusType.accepted)"
findChatMessages-2	p1	Find chat messages from Lisa	"findChatMessages(messageWithSender(""Lisa""))"
joinMeetingBySubjectDisambigByIndex	p1	Join the team stand up	"joinEvent(theEvent(called(""team stand up"")))"
createSalientPersonEyesOff	p1	What is my next 1:1 with Leah?	"theEvent((next[Event] and isOneOnOne) and with_(""Leah""))"
queryEventAfterDate	p0	What's on my schedule after July 10th.	findEvents(queryAt(after(July /& 10)))
queryBySubjectEyesOff	p0	What do I have named Vacation?	"findEvents(called(""Vacation""))"
sayMyManager	p0	Who is my manager?	me.manager
QueryNextEventStart - change subject	p1	When's the next Coffee chat meeting?	"theEvent(next[Event] and called(""Coffee chat"")).start"
Create on a date in eyes off	p0	Create a meeting on Monday	createEvent(createAt(Monday))
eventCountWithAttendee	p0	How many events do I have with David next week?	"findEvents(with_(""David"") and queryAt(next[Interval[Date]] and isWeek)).size"
multipleEventsMultipleAttendeesEyesOff	p0	Show me appointments with John, Jesse, and Jennifer.	"findEvents((with_(""John"") and with_(""Jesse"")) and with_(""Jennifer""))"
eventAttendeesByTitle2	p2	Who all are on the Team meeting?	"theEvent(called(""Team meeting"")).attendees.all"
checkAvailability1	p3	Is Jesse free today?	"availabilityExcludingMe(with_(""Jesse"") and createAt(today)).nonEmpty"
querySimpleCritical	p0	What is my schedule like?	findEvents0
Query at time interval	p0	What do I have between 2 pm and 4 pm?	findEvents(queryAt(timeInterval(2.pm, 4.pm)))
queryBySubjectEyesOff	p0	What is on my calendar called Coffee Chat?	"findEvents(called(""Coffee Chat""))"
videoCallMyTeamOneshot	p1	Video call to my team	call(modeIs(CallMode.Video) and callWith(me.communicationTeam))
updateAllDay	p3	What is my next event that I organized?	theEvent(next[Event] and isMine)
multipleEventsStart3		When does my meeting start today?	theEvent(queryAt(today)).start
callHimSalientHistoryOneshot	p1	Who is Brad?	"thePerson(""Brad"")"
CreateEventBeforeTheStartOfBusinessHours	p3	Create a meeting before the start of business tomorrow.	createEvent(createAt(before(businessHours.lower) on tomorrow))
playMyEmails	p0	Play my emails.	playEmails0
fenceCheckAvailability4	p3	Check my availability for next week	availabilityIncludingMe(createAt(next[Interval[Date]] and isWeek))
eventWithTwoAttendeesToday	p0	Find meetings that include John and Jennifer today.	"findEvents((with_(""John"") and with_(""Jennifer"")) and queryAt(today))"
basicArchiveMail	p1	Archive this email.	archiveEmail(messageIdIs(theEmail(`this`[Email]).id))
eventWithTwoAttendeesEyesOff	p0	Search for events with Abby and Damon.	"findEvents(with_(""Abby"") and with_(""Damon""))"
query week of numeric date	p0	What do I have in the week of 8/9?	findEvents(queryAt(theDate(month(8) /& 9).weekInterval))
multipleEventsStart0		When is my event called Team meeting?	"theEvent(called(""Team meeting"")).start"
queryBySubject2	p0	Look for Dentist appointment in my calendar	"findEvents(called(""Dentist appointment""))"
clientContextNonUISalientEvent	p1	What's my second event tomorrow?	theEvent(nth[Event](2) and queryAt(tomorrow))
queryBySubjectEyesOff	p0	Find events titled Team Social.	"findEvents(called(""Team Social""))"
multipleEventsEnd3		When does my meeting today end?	theEvent(queryAt(today)).end
findPersonNoTitle	p0	Who is Jennifer?	"thePerson(""Jennifer"")"
createEventBeforeTimeIntervalOnDate	p1	Schedule a meeting before 11 am to 2 pm on tomorrow.	createEvent(createAt(before(timeInterval(11.am, 2.pm)) on tomorrow))
queryBySubject2	p0	Show me my events called Quick Sync	"findEvents(called(""Quick Sync""))"
eventIsAllDayByTitleNo	p2	Do we have planning all day this time?	"theEvent(called(""planning"")).isAllDay"
createWithAttendeesAndMeAtDateTime	p0	Create an event Friday at 2 pm with John, Dan, and me	"createEvent((createAt(2.pm on Friday) and with_(""John"") and with_(""Dan"")) and with_(me))"
createWithTeam	p3	Schedule strength training for tomorrow with my team	"createEvent((called(""strength training"") and createAt(tomorrow)) and with_(me.team))"
Query - change the date - DOW	p1	what do I have tomorrow?	findEvents(queryAt(tomorrow))
query first half of week	p0	What do I have in the first half of next week?	findEvents(queryAt(firstHalf(the(next[Interval[Date]] and isWeek))))
eventIsAllDayByTitleYes	p2	Do we have vacation all day this time?	"theEvent(called(""vacation"")).isAllDay"
eventStart4th	p2	What time is my fourth meeting tomorrow?	theEvent(nth[Event](4) and queryAt(tomorrow)).start
sayPersonOfficeLocation	p0	What is Jordan's office location?	"thePerson(""Jordan"").officeLocation"
callingPeopleWorkOneshot	p1	Call Leah, David and Josh on their work	"call(callWithType(""Leah"", ContactType.Business) and callWithType(""David"", ContactType.Business) and callWithType(""Josh"", ContactType.Business))"
findPersonNotFound	p0	Who is Bryan Stark?	"thePerson(""Bryan Stark"")"
Query - change multiple - attendee and DOW	p1	what are my meetings with David today?	"findEvents(with_(""David"") and queryAt(today))"
personAge	p0	What is Abby's age?	"thePerson(""Abby"").age"
minExample		What is my shortest meeting tomorrow?	min(findEvents(queryAt(tomorrow)), ev => ev.duration)
createWithOptionalAttendeeEyesOff	p1	Create an event with Bryan as an optional attendee.	"createEvent(withAs(""Bryan"", AttendeeType.optional))"
openFileWithTitleAndTypeOneShotSerpFallbackEyesOff	p2	Open SM annotation doc	"openFile(withTitle(""SM annotation"") and withType(""doc""))"
	p0	Make an event this week with Jenn.	"createEvent(with_(""Jenn"") and createAt(`this`[Interval[Date]] and isWeek))"
Binary query with attendee and timespan	p0	Am I meeting with Kelly this week?	"findEvents(with_(""Kelly"") and queryAt(`this`[Interval[Date]] and isWeek)).nonEmpty"
createSalientManagerEyesOff	p2	Create an event with her manager	createEvent(with_(her.manager))
findEmails-13	p1	I need to see the emails I sent out last week that are flagged	findEmails(messageSentAt(last[Interval[Date]] and isWeek) and messageFlagStatusIs(FlagStatus.flagged))
query x weeks from date	p0	What do I have two weeks from today?	findEvents(queryAt(today + 2.weeks))
checkAvailability6	p3	Am I free between 3 and 5 pm today?	availabilityIncludingMe(createAt(timeInterval(3.pm, 5.pm) on today)).nonEmpty
noEventWithAttendee2	p0	Search for meetings that include Jennifer.	"findEvents(with_(""Jennifer""))"
queryBySubject2	p0	What's on my schedule called Business talk?	"findEvents(called(""Business talk""))"
Create at midnight	p0	Schedule a meeting at midnight	createEvent(createAt(midnight))
basicUnflagMail	p1	Unflag this email.	unflagEmail(messageIdIs(theEmail(`this`[Email]).id))
createLaterTimeEyesOff	p0	Schedule a Team Sync for the late afternoon.	"createEvent(called(""Team Sync"") and createAt(late(afternoon)))"
basicArchiveMail-2	p1	Archive that email.	archiveEmail(messageIdIs(theEmail(that[Email]).id))
multiplePastEventsDurationSince		How long has it been since the Interns meeting?	"durationSince(theEvent((isPast and called(""Interns meeting""))).end)"
oneOnOneWithAttendee	p0	Show my 1:1 with David?	"theEvent(isOneOnOne and with_(""David""))"
multipleOneonOneEventsAttendees		When is my next one on one with Abby?	"theEvent((next[Event] and isOneOnOne) and with_(""Abby"")).start"
sendMailToTheTeamWithBody	p0	Email my team saying, I will be in the office at noon today.	"createEmail(messageWithTo(me.communicationTeam) and messageBodyIs(""I will be in the office at noon today""))"
sendEmailWithSingleRecipientSubjectAndBody	p0	Email David about workshop saying it begins at 8.	"createEmail(messageWithTo(""David"") and messageTitleIs(""workshop"") and messageBodyIs(""it begins at 8""))"
callingPersonOnPhoneOneshot	p1	Call Bryan on phone	"call(callWith(""Bryan"") and channelIs(CallChannel.Phone))"
createWithDateTimeWithDuration0EyesOff	p0	Make an event for tomorrow at 3 pm for 2 hours	createEvent(createAt(3.pm on tomorrow) and lastsFor(2.hours))
Query by date today - clobber tomorrow	p1	What are my meetings today?	findEvents(queryAt(today))
multipleEventsIsCancelled		Is my event called Team meeting cancelled?	"theEvent(called(""Team meeting"")).isCancelled"
Create with holiday next year	p0	Create a meeting on Halloween of next year.	createEvent(createAt(Holiday.Halloween /& (next and isYear)))
salientPeople	p1	Who has accepted the Standup meeting?	"theEvent(called(""Standup meeting"")).attendees.withResponse(ResponseStatusType.accepted)"
minExample2		Which meeting tomorrow has the fewest attendees?	min(findEvents(queryAt(today)), ev => ev.attendees.all.size)
eventResponse7	p2	Tentatively accept this meeting.	respond(theEvent(`this`[Event]), withResponse(ResponseStatusType.tentativelyAccepted))
queryTwoAttendeesCriticalEyesOff	p0	Find meetings that include John and Jennifer.	"findEvents(with_(""John"") and with_(""Jennifer""))"
restOfDayEventsCheck	p0	Do I have any events for the rest of the day?	findEvents(queryAt(restOfToday)).nonEmpty
replyAllAddingRecipientMessage	p1	Reply to everyone on this email including Izabela and say Great to meet everyone	"replyAllEmail(messageIdIs(theEmail(`this`[Email]).id) and messageWithTo(""Izabela"") and messageBodyIs(""Great to meet everyone""))"
onlineMeetingTollFreePhone	p2	What is the toll free number for Virtual Standup?	"theEvent(called(""Virtual Standup"")).onlineMeetingInfo.get.tollFreeNumbers"
setStatusMulti	p2	Set my status	setStatus0
onlineMeetingJoinUrl	p2	What is the URL to join Virtual Standup?	"theEvent(called(""Virtual Standup"")).onlineMeetingInfo.get.joinUrl"
setStatusAvailableSingle	p2	Set my status to available	setStatus(setStatusTo(UserStatus.Available))
salientEventStart	p2	When does this start?	theEvent(`this`[Event]).start
findEmail- From Person from Date Interval with Attachments	p0	Find emails from Lisa last week with attachments	"findEmails(messageWithSender(""Lisa"") and messageSentAt(last[Interval[Date]] and isWeek) and messageHasAttachments(true))"
eventWithSubjectAndAttendee	p0	Search for meetings called Planning with Kelly tomorrow.	"findEvents((called(""Planning"") and with_(""Kelly"")) and queryAt(tomorrow))"
findEmails-0	p0	Find my emails	findEmails0
9 Create with date time in eyes off	p0	Make an event this Thanksgiving at 5 pm	createEvent(createAt(5.pm on (`this`[Date] /& Holiday.Thanksgiving)))
1 Create with date on eyes off	p0	Create a meeting on 10th of February	createEvent(createAt(10 /& February))
sayPersonManagerNotFound	p0	Who is Kim's manager?	"thePerson(""Kim"").manager"
salientEventStart	p2	What's my first event tomorrow?	theEvent(nth[Event](1) and queryAt(tomorrow))
d31annotator2_1	decomp	Get the start time from event s1	s1.start.local.time
6 Create with date time in eyes off	p0	Make a meeting on 5/23/2018 at 6 pm	createEvent(createAt(6.pm on ((month(5) /& 23) /& yearIs(2018))))
callingPersonMobileOneshot	p1	Call Crystal on his mobile	"call(callWithType(""Crystal"", ContactType.Mobile))"
findEmail-0	p0	Find my email	theEmail0
queryBySubject2	p0	What's on my calendar called Squad meeting?	"findEvents(called(""Squad meeting""))"
Create ending at date time	p3	Schedule a meeting that ends at 3 pm tomorrow	createEvent(endsAt(3.pm on tomorrow))
queryBySubject1	p0	Show me events for Bachelor Viewing Party.	"findEvents(called(""Bachelor Viewing Party""))"
sayPersonPhoneSelf	p0	What is my contact number?	me.phoneNumber
Create - change to before another event	p0	Schedule a run after my coffee meeting	"createEvent(called(""run"") and after(theEvent(called(""coffee meeting""))))"
callingNumbersOneshot	p1	Call 55534567 and 55534566	"call(callWithNumber(""55534567"") and callWithNumber(""55534566""))"
setStatusBeRightBackWithMessage	p2	Set my status to be right back and say I will be back	"setStatus(setStatusToWithMessage(UserStatus.BeRightBack, ""I will be back""))"
updateAdd2People eyesOff	p1	What do I have with Damon?	"findEvents(with_(""Damon""))"
findEmails-8	p1	Pull up the emails that are due tomorrow that are set to high importance on focused tab	findEmails(messageWithDueDate(tomorrow) and messageImportanceIs(Importance.High) and messageInferenceClassificationIs(InferenceClassification.focused))
sendMailWithRecipientEmailEyesOff	p0	Send an email to dlax@thenextunicorn.com.	"createEmail(messageWithTo(""dlax@thenextunicorn.com""))"
d31annotator2_3	decomp	Find the event with Smith	findEvents(with_("Smith")).head
AfterAndRightAfterMultipleEvents	p0	What do I have right after Design jam	"findEvents(rightAfter(theEvent(called(""Design jam""))))"
QueryOnDate - change attendee	p1	what are my meetings with David tomorrow?	"findEvents(with_(""David"") and queryAt(tomorrow))"
BeforeAndRightBeforeMultipleEvents	p0	What do I have before walk	"findEvents(before(theEvent(called(""walk""))))"
basicFlagMail-2	p1	Flag that email for follow up.	flagEmail(messageIdIs(theEmail(that[Email]).id))
multipleEventsAttendees		Who is invited to the Vacation?	"theEvent(called(""Vacation"")).attendees.all"
basicForwardMail-3	p1	Forward the email.	forwardEmail(messageIdIs(theEmail0.id))
createWithSubjectWithAttendeeWithDateEyesOff	p0	Create a meeting called sync with David tomorrow	"createEvent((called(""sync"") and with_(""David"")) and createAt(tomorrow))"
lastMultipleEventsTodayStart		When does today's last event start at?	theEvent(last[Event] and queryAt(today)).start
BeforeAndRightBeforeNoEvent	p0	What do I have tomorrow right before walk	"findEvents(queryAt(tomorrow) and rightBefore(theEvent(called(""walk""))))"
d31annotator2_7	decomp	Set meeting time of event s4 with the start time as s2 and end time as s3	modifyEvent(s4, startsAt(s2) and endsAt(s3))
d2annotator1_2	decomp	Create one-on-one meetings with filtered reports in s2	s2.map(x => createEvent(with_(x) and isOneOnOne))
findFile-6	p2	find my recent file	findFile(isRecent)
DeleteAppointmentByTime	p3	Delete my 5 PM appointment	deleteEvent(theEvent(queryAt(5.pm)))
personAvailableDayTime	p3	Is Josh free for a meeting on Friday at 10 am?	"availabilityExcludingMe(with_(""Josh"") and createAt(10.am on Friday)).nonEmpty"
forwardMailWithRecipientMessage	p1	Forward this email to Bryan and say SM huddle	"forwardEmail(messageIdIs(theEmail(`this`[Email]).id) and messageWithTo(""Bryan"") and messageBodyIs(""SM huddle""))"
	p0	Schedule a meeting called brainstorm	"createEvent(called(""brainstorm""))"
multipleNthEvents		What time is my third meeting tomorrow?	theEvent(nth[Event](3) and queryAt(tomorrow)).start
basicReplyMail	p1	Reply to this email.	replyEmail(messageIdIs(theEmail(`this`[Email]).id))
	p0	Schedule a Birthday Dinner	"createEvent(called(""Birthday Dinner""))"
queryBySubject2	p0	Search for dentist appointments	"findEvents(called(""dentist appointments""))"
twoEventWithAttendeeEyesOff	p0	Show me appointments with John.	"findEvents(with_(""John""))"
findEmails-5	p1	I need to see the emails from last week that have attachments	findEmails(messageSentAt(last[Interval[Date]] and isWeek) and messageHasAttachments(true))
joinMeetingBySubject	p1	Join the product stand up	"joinEvent(theEvent(called(""product stand up"")))"
allDayEventInWeek	p0	What all day events do I have this week?	findEvents(isAllDay and queryAt(`this`[Interval[Date]] and isWeek))
queryBySubject2	p0	Show me Squad meetings on my schedule	"findEvents(called(""Squad meetings""))"
maxExample		Which meeting ends last today?	max(findEvents(queryAt(today)), ev => ev.end)
Create - change the start time	p0	Schedule a meeting for today at 2pm	createEvent(createAt(2.pm on today))
createWithAttendeeAndTimeInDay	p0	Find time with Abby in the afternoon	"createEvent(with_(""Abby"") and createAt(afternoon))"
createAllDayWithMonth	p3	Create an all day event sometime in May	createEvent(isAllDay and createAt(May))
d15annotator2_0	decomp	Create a list of days of the week	List[DayOfWeek](Monday, Tuesday, Wednesday, Thursday, Friday, Saturday, Sunday)
	p0	Make a parent teacher conference next Wednesday at 4 pm	"createEvent(called(""parent teacher conference"") and createAt(4.pm on (next[Date] /& Wednesday)))"
eventByDayAndTimeOfDay	p0	What do I have December 26 during the evening?	findEvents(queryAt(evening on (December /& 26)))
callingPeopleNotFound	p1	Call Bryan and Rohan	"call(callWith(""Bryan"") and callWith(""Rohan""))"
deleteEventSubjectPerson	p3	Delete Q2 planning with David	"deleteEvent(theEvent(called(""Q2 planning"") and with_(""David"")))"
callManagerOneshot	p1	Call Julia's manager	"call(callWith(thePerson(""Julia"").manager))"
basicReplyMailWithMessage	p1	Reply to this email and say I am not so sure about this, can we chat soon?	"replyEmail(messageIdIs(theEmail(`this`[Email]).id) and messageBodyIs(""I am not so sure about this, can we chat soon?""))"
multipleEventsLocation3		Where is my meeting today located?	theEvent(queryAt(today)).location
	p0	Make a coffee talk with Kelly, Damon and John next monday at 8 am	"createEvent(((called(""coffee talk"") and with_(""Kelly"")) and with_(""Damon"") and with_(""John"")) and createAt(8.am on (next[Date] /& Monday)))"
	p2	Forward my bagel event to Jesse and conference room 10110	"forwardEvent(theEvent(called(""bagel"")), sendTo(""Jesse"") and sendTo(theConferenceRoom(""10110"")))"
replyMailToPersonWithBodyChangeSubject	p1	Reply to Julia saying Can't wait for it and change the subject to Party planning.	"replyEmail(messageIdIs(theEmail(`this`[Email]).id) and messageWithTo(""Julia"") and messageBodyIs(""Can't wait for it"") and messageTitleIs(""Party planning""))"
createEvent - lunchTime	p1	Schedule a meeting at lunch time	createEvent(createAt(lunchTime))
createWithAttendee2EyesOff	p0	Create an event with Bryan, Abby and Jennifer	"createEvent((with_(""Bryan"") and with_(""Abby"")) and with_(""Jennifer""))"
findEmails-14	p1	Find my emails from yesterday	findEmails(messageSentAt(yesterday))
Query at date and time interval	p0	What do I have tomorrow in the afternoon?	findEvents(queryAt(afternoon on tomorrow))
basicDeleteMail-2	p1	Delete the email	deleteEmail(messageIdIs(theEmail0.id))
	p2	Can you show me who is tentative to the event on Tuesday at 8 am?	theEvent(startsAt(8.am on Tuesday)).attendees.withResponse(ResponseStatusType.tentativelyAccepted)
eventStartByTitleWeekend	p2	When's the soccer practice this weekend?	"theEvent(called(""soccer practice"") and queryAt(`this`[Interval[Date]] and isWeekend)).start"
PersonTeam2	p0	Who's on Jesse's team?	"thePerson(""Jesse"").team"
multipleEventsLocation1		Where is Planning taking place?	"theEvent(called(""Planning"")).location"
queryBySubjectRecurrentEvents	p0	What do I have called stand up?	"findEvents(called(""stand up""))"
createAttendeeDuration	p0	Set up an hour with Abby	"createEvent(lastsFor(1.hours) and with_(""Abby""))"
createEventAfterTime	p1	Schedule a meeting after 10 am.	createEvent(createAt(after(10.am)))
createDateTimePrivate	p3	Can you make an event today at 4 pm and make it private	createEvent(createAt(4.pm on today) and withSensitivity(Sensitivity.`private`))
PersonDirectReports	p0	Who are Jesse's direct reports?	"thePerson(""Jesse"").directReports"
callHimOnTeamsSalientHistoryOneshotTM	p1	Call him on teams	call(callWith(him) and channelIs(CallChannel.Teams))
setStatusDoNotDisturbSingle	p2	Set my status to do not disturb	setStatus(setStatusTo(UserStatus.DoNotDisturb))
onlineMeetingTollNumber	p2	What is the toll number for Virtual Standup?	"theEvent(called(""Virtual Standup"")).onlineMeetingInfo.get.tollNumbers"
sayPersonEmailAddress	p0	What's Abby's email address?	"thePerson(""Abby"").emailAddress"
createWithFractionalDuration0	p0	Schedule a 1 and 1/2 hour meeting.	createEvent(lastsFor((1 + 1/2).hours))
noEventWithTwoAttendees	p0	What do I have with Kelly and Abby?	"findEvents(with_(""Kelly"") and with_(""Abby""))"
FilterAllDayEvent	p0	Do I have any Peer Reviews?	"findEvents(called(""Peer Reviews"")).nonEmpty"
multipleEventsStart2		When is my meeting with Brad?	"theEvent(with_(""Brad"")).start"
d31annotator2_0	decomp	Find the event with Jane	findEvents(with_("Jane")).head
FenceCheckAvailability8	p3	Do you know if Kelly is available during that time?	"availabilityExcludingMe(with_(""Kelly"") and createAt(that[Interval[Instant]])).nonEmpty"
eventStartByPeople1	p2	When's my meeting with Brad?	"theEvent(with_(""Brad"")).start"
	p0	Schedule a brainstorm meeting with Bryan, Damon and Jennifer on November 12th 2017 at 9 am	"createEvent(((called(""brainstorm meeting"") and with_(""Bryan"")) and with_(""Damon"") and with_(""Jennifer"")) and createAt(9.am on ((November /& 12) /& yearIs(2017))))"
First turn refer using client context get date	p1	When is this meeting?	theEvent(`this`[Event]).start
eventResponse10	p2	Accept the planning and say I can't wait.	"respond(theEvent(called(""planning"")), withResponse(ResponseStatusType.accepted) and withComment(""I can't wait""))"
howLongNextMultipleEvents		How long until my next event	durationFromNow(theEvent(next[Event]).start)
QueryOnHolidayWeek	p0	What do I have in the week of Christmas?	findEvents(queryAt(theDate(Holiday.Christmas).weekInterval))
Create within interval in eyes off	p0	Schedule a meeting tomorrow morning	createEvent(createAt(morning on tomorrow))
eventFromEmail4 should not take title from context	p0	Create a meeting called planning with them.	"createEvent(called(""planning"") and with_(them))"
basicFlagMail	p1	Flag this email for follow up.	flagEmail(messageIdIs(theEmail(`this`[Email]).id))
joinMeetingByTimeNotFound	p1	Join my 4:30 pm	joinEvent(theEvent(queryAt((4 :: 30).pm)))
8 Create with date time in eyes off	p0	Make an event last Monday at 7 am	createEvent(createAt(7.am on (last[Date] /& Monday)))
sendMailWithSubject	p0	Send an email about happy hour update.	"createEmail(messageTitleIs(""happy hour update""))"
callingPersonNotFound	p1	Call Rohan	"call(callWith(""Rohan""))"
eventThisTimeOfDay	p0	What do I have this afternoon?	findEvents(queryAt(afternoon on `this`[Date]))
Create - change start by duration later	p0	Schedule jogging this evening	"createEvent(called(""jogging"") and createAt(evening on `this`[Date]))"
d67annotator1_1	decomp	Update each event in the list s1 to last only for 30 minutes	s1.map(x => modifyEvent(x, lastsFor(30.minutes)))
callPersonTeamOneshot	p1	Call Bryan's team	"call(callWith(thePerson(""Bryan"").communicationTeam))"
Query at time	p0	What do I have at 6 pm?	findEvents(queryAt(6.pm))
createEvent - military time	p1	Schedule the planning meeting at 1600 hours today	"createEvent(called(""planning meeting"") and createAt(hour24(16) :: 0 on today))"
createdExample		When was the off-site meeting created?	"theEvent(called(""off-site"")).created"
createInFirstHalf	p3	Add a meeting with Julia in the first half of June.	"createEvent(with_(""Julia"") and createAt(firstHalf(the(monthOf(June)))))"
Create for tomorrow explicitly - Change the start time	p0	Schedule a meeting for tomorrow at 2pm	createEvent(createAt(2.pm on tomorrow))
createSalientPersonEyesOff	p1	schedule a meeting with her	createEvent(with_(her.nameAndEmail.name.get))
findEmails-10	p1	Find the wedding planning emails from our organizer Lisa that talks about the venue change	"findEmails(messageTitleIs(""wedding planning"") and messageWithSender(""Lisa"") and messageBodyIs(""venue change""))"
3rd event on Monday	p0	What is my 3rd event on Monday?	theEvent(nth[Event](3) and queryAt(Monday))
createEvent - late morning	p1	Schedule a meeting late in the morning	createEvent(createAt(late(morning)))
d15annotator2_2	decomp	For each day in the list s2 create an event with the called "vacation time"	s2.map(x => createEvent(called("vacation time") and createAt(x /& (next[Interval[Date]] and isWeek))))
queryBySubject0	p0	What is on my schedule with subject focused time?	"findEvents(called(""focused time""))"
d3annotator2_1	decomp	Filter the list of events s1 to only contain events with 1 other attendee	s1.filter(x => x.attendees.all.size == 2)
checkAvailability10	p3	Am I free to have a 45 minute meeting right now?	availabilityIncludingMe(lastsFor(45.minutes) and createAt(now)).nonEmpty
Create - find another Time	p0	Schedule a call this afternoon	"createEvent(called(""call"") and createAt(afternoon on `this`[Date]))"
sayPersonOfficeLocationSelf	p0	What is my office location?	me.officeLocation
Query with datetime variations	p0	What do I have at 2pm on Sunday?	findEvents(queryAt(2.pm on Sunday))
Create after another event	p1	Schedule a walk after my coffee meeting	"createEvent(called(""walk"") and after(theEvent(called(""coffee meeting""))))"
callingPersonWorkNotFound	p1	Call Bryan on his work number	"call(callWithType(""Bryan"", ContactType.Business))"
createSalientManagerEyesOff	p2	When am I meeting Kelly next?	"theEvent(next[Event] and with_(""Kelly"")).start"
Create - change one attendee	p0	Create a meeting with David	"createEvent(with_(""David""))"
First turn refer using client context get status - person no conflict	p1	Is Kelly free then?	"availabilityExcludingMe(with_(""Kelly"") and createAt(that[Interval[Instant]])).nonEmpty"
multipleLastEventsStart		What time is my last meeting?	theEvent(last[Event]).start
queryBySubject0	p0	What do I have called Wine and Whine?	"findEvents(called(""Wine and Whine""))"
Create - clobber extend duration	p0	Schedule a meeting.	createEvent0
eventWithDateAndAttendee	p0	Do I have anything tomorrow with Kelly?	"findEvents(queryAt(tomorrow) and with_(""Kelly"")).nonEmpty"
createRecurringDaily	p3	Make a daily event starting next Wednesday.	createEvent(recurringDaily and startsAt(next[Date] /& Wednesday))
basicUnreadMail-2	p1	Mark that email unread.	unreadEmail(messageIdIs(theEmail(that[Email]).id))
	p2	Forward my bagel event to conference room 10110	"forwardEvent(theEvent(called(""bagel"")), sendTo(theConferenceRoom(""10110"")))"
firstMultipleEventsWithAttendee		What time does my first event with Kelly start on Friday?	"theEvent((nth[Event](1) and with_(""Kelly"")) and queryAt(Friday)).start"
d18annotator2_0	decomp	Find 1/1 meetings this month	findEvents(queryAt(`this`[Interval[Date]] and isMonth) and isOneOnOne)
3 Query by date today and yesterday	p0	Find events today.	findEvents(queryAt(today))
Create - set multiple - subject and duration	p0	create a meeting	createEvent0
setStatusAvailableWithMessage	p2	Set my status to available and say I'm available	"setStatus(setStatusToWithMessage(UserStatus.Available, ""I'm available""))"
query emails from exactly x weeks ago	p1	Find emails that arrived exactly two weeks ago	findEmails(messageSentAt(today -2.weeks))
create event and then clobber title with Use updater	p0	Find a time with Jenn	"createEvent(with_(""Jenn""))"
videoCallPersonOneshot	p1	Video call with Bryan	"call(modeIs(CallMode.Video) and callWith(""Bryan""))"
sendMailWithBody	p0	Send an email saying i will be late.	"createEmail(messageBodyIs(""i will be late""))"
createEvent - breakfastTime	p1	Schedule a meeting at breakfast time	createEvent(createAt(breakfastTime))
findEmails-15	p1	Find emails about vacations	"findEmails(messageBodyIs(""vacations""))"
eventAttendeesByTitle	p2	Who all are on the Vacation meet?	"theEvent(called(""Vacation"")).attendees.all"
eventStartByNextAndTitle	p2	When's the next Team meeting?	"theEvent(next[Event] and called(""Team meeting"")).start"
3 Create with date time in eyes off	p0	Make an event yesterday at 9 pm	createEvent(createAt(9.pm on yesterday))
personTimeZone	p0	What time zone is Damon in?	"thePerson(""Damon"").timeZone"
composeEmailForAttendeesWithMessage	p0	What do I have with Jesse and Kelly?	"findEvents(with_(""Jesse"") and with_(""Kelly""))"
sendMailWithSubjectAndBody	p0	Send an email about happy hour update saying I will be late.	"createEmail(messageTitleIs(""happy hour update"") and messageBodyIs(""I will be late""))"
Query - set the attendee	p1	what are my meetings?	findEvents0
	p0	Create a brunch with Jesse, Kim and Abby on 10/2/2017 at 10 am	"createEvent(((called(""brunch"") and with_(""Jesse"")) and with_(""Kim"")) and with_(""Abby"") and createAt(10.am on ((month(10) /& 2) /& yearIs(2017))))"
composeEmailForEventAttendees	p0	Email people who are invited to tomorrow's standup	"createEmail(messageWithTo(theEvent(queryAt(tomorrow) and called(""standup"")).attendees.all))"
eventStartLastAndPastNoMatch	p2	When did I last go to the dentist?	"theEvent(last[Event] and isPast and called(""dentist"")).start"
queryBySubject2	p0	What do I have on my schedule called team chat?	"findEvents(called(""team chat""))"
findChatMessages-3	p1	Find my chat messages about shiproom from yesterday	"findChatMessages(messageTitleIs(""shiproom"") and messageSentAt(yesterday))"
multipleFirstEventsStart		What time is my first meeting tomorrow?	theEvent(nth[Event](1) and queryAt(tomorrow)).start
salientMultipleEvents	p0	What is my next meeting?	theEvent(next[Event])
forwardMailWithRecipients	p1	Forward this email to Jen and Bryan	"forwardEmail(messageIdIs(theEmail(`this`[Email]).id) and messageWithTo(""Jen"") and messageWithTo(""Bryan""))"
eventResponse8	p2	Do I have any meetings tomorrow?	findEvents(queryAt(tomorrow)).nonEmpty
findEmails-12	p1	Search for flagged emails.	findEmails(messageFlagStatusIs(FlagStatus.flagged))
updateTimeIntervalInZone	p1	When is Coffee?	"theEvent(called(""coffee"")).start"
queryBySubject2	p0	Show me my meetings named Quick Syncs	"findEvents(called(""Quick Syncs""))"
Create with end and duration	p3	Create a 5 minute meeting that ends tomorrow at 1:30 pm	createEvent(lastsFor(5.minutes) and endsAt((1 :: 30).pm on tomorrow))
queryBySubjectEyesOff	p0	Show me meetings called Sync.	"findEvents(called(""Sync""))"
d16annotator2_1	decomp	Decline each meeting in the list s1	s1.map(x => respond(x, withResponse(ResponseStatusType.declined)))
createEventAfterTimeInterval	p1	Schedule a meeting after 2 pm to 3 pm	createEvent(createAt(after(timeInterval(2.pm, 3.pm))))
eventLocationByPeopleOneOnOne	p2	Where's my 1:1 with Abby?	"theEvent(isOneOnOne and with_(""Abby"")).location"
sayPersonNoJobTitle	p0	What is Damon's job title?	"thePerson(""Damon"").jobTitle"
findGeneral-3	p0	Search for the best philosophy books	"findGeneral(withQueryString(""the best philosophy books""))"
	p0	Make an event for 4 pm with Abby	"createEvent(createAt(4.pm) and with_(""Abby""))"
Create right before another event	p1	Schedule a 40 minute walk right before Pancake Party	"createEvent(lastsFor(40.minutes) and rightBefore(theEvent(called(""Pancake Party""))) and called(""walk""))"
queryBySubject1	p0	What's on my schedule with subject reading time?	"findEvents(called(""reading time""))"
QueryDateTimeEyesOff	p0	What do I have starting at 6 pm today?	findEvents(startsAt(6.pm on today))
noEventsNextMonth	p0	Do I have anything next month?	findEvents(queryAt(next[Interval[Date]] and isMonth)).nonEmpty
nextWeekEventWithAttendee	p0	Show me my meetings with David for next week	"findEvents(with_(""David"") and queryAt(next[Interval[Date]] and isWeek))"
findEmail-10	p1	Find the wedding planning email from our organizer Lisa	"theEmail(messageTitleIs(""wedding planning"") and messageWithSender(""Lisa""))"
	p0	Schedule brainstorm with Bryan, Damon and Jennifer on November 12th 2017 at 9 am	"createEvent(((called(""brainstorm"") and with_(""Bryan"")) and with_(""Damon"") and with_(""Jennifer"")) and createAt(9.am on ((November /& 12) /& yearIs(2017))))"
durationMultipleNextEvents		How long is my next meeting?	theEvent(next[Event]).duration
d16annotator2_2	decomp	Create a meeting at 3 pm mountain time	createEvent(createAt(3.pm inZone TimeZone("MST")))
createEventFromCalendar all day	p1	Create an all day event	createEvent(isAllDay)
Binary query with attendee and timespan 2	p0	Am I meeting with Kim this week?	"findEvents(with_(""Kim"") and queryAt(`this`[Interval[Date]] and isWeek)).nonEmpty"
setStatusBeRightBackSingle	p2	Set my status to be right back	setStatus(setStatusTo(UserStatus.BeRightBack))
checkAvailability7	p3	Am I free on the 25th for a meeting?	availabilityIncludingMe(createAt(25)).nonEmpty
Create with end and attendee	p3	Make an event that ends at 4:30 pm with Bryan	"createEvent(endsAt((4 :: 30).pm) and with_(""Bryan""))"
createWithAttendee3EyesOff	p1	Make an event with Bryan, Abby, Jennifer and Jesse	"createEvent(((with_(""Bryan"") and with_(""Abby"")) and with_(""Jennifer"")) and with_(""Jesse""))"
basicArchiveMail-3	p1	Archive the email.	archiveEmail(messageIdIs(theEmail0.id))
eventThisTimeOfDay	p0	What do I have today during the morning?	findEvents(queryAt(morning on today))
findPersonEmptyTitle	p0	Who is Damon?	"thePerson(""Damon"")"
query nth DOW	p0	What do I have on my schedule on the 3rd Monday of February	findEvents(queryAt(nth[Date](3) /& Monday /& (monthOf(February))))
BooleanQueryByTime	p0	Do I have any meetings at 9 pm?	findEvents(queryAt(9.pm)).nonEmpty
eventLocationByTime	p2	Where's my 5 o'clock?	theEvent(queryAt(5.oclock)).location
composeEmailForNextEvent	p0	What is my next event?	theEvent(next[Event])
findGeneral-1	p0	What is semantic machines?	"findGeneral(withQueryString(""semantic machines""))"
basicSendMail	p0	Send an email.	createEmail0
callOnTMPersonMultiTurn	p1	Make a call	call0
salientPeopleEyesOff	p1	I need to make an event with those people.	createEvent(with_(them))
Create with duration in eyes off	p0	Schedule a 20 minute meeting	createEvent(lastsFor(20.minutes))
createEventBeforeDate	p0	Schedule a meeting before August 9.	createEvent(createAt(before(August /& 9)))
checkAvailability with salient event date and 2 people - free	p3	What is their availability on that day at 2 pm?	availabilityExcludingMe(with_(theEvent(that[Event]).attendees.otherPeople) and startsAt(2.pm on theDate(that[Date])))
01 - create event and then clobber subject - unspecified	p0	Schedule a meeting called coffee	"createEvent(called(""coffee""))"
createBlockingTimeInterval	p1	Block off this afternoon.	createEvent(blocking(afternoon on `this`[Date]))
createRecurringWeekly	p3	Make a weekly event tomorrow at noon.	createEvent(recurringWeekly and createAt(noon on tomorrow))
queryBySubject0	p0	Search for appointments by the name of Breakfast.	"findEvents(called(""Breakfast""))"
CreateEventBeforeTheEndOfBusinessHours	p3	Create a meeting before the end of business tomorrow.	createEvent(createAt(before(businessHours.upper) on tomorrow))
doNotConfirmCreate	p0	Create a meeting.	createEvent0
2 Query by date and yesterday	p0	What do I have on March 21st?	findEvents(queryAt(March /& 21))
createWithTimeEyesOff	p0	Create an event for 4 pm	createEvent(createAt(4.pm))
Create after another event in eyes off	p1	Schedule a walk after my lunch meeting	"createEvent(after(theEvent(called(""lunch""))) and called(""walk""))"
findEmails-4	p1	Find emails from last week	findEmails(messageSentAt(last[Interval[Date]] and isWeek))
createApptWithSubjectAndExactDate	p0	Schedule tax prep for February 10th	"createEvent(called(""tax prep"") and createAt(10 /& February))"
findEmails-6	p1	I need to see the focused emails from this week	findEmails(messageInferenceClassificationIs(InferenceClassification.focused) and messageSentAt(thisWeek))
mutipleEventsStart1		When is Planning?	"theEvent(called(""Planning"")).start"
callingPersonMobileNotFound	p1	Call Bryan on his mobile number	"call(callWithType(""Bryan"", ContactType.Mobile))"
sayPersonManager	p0	Who is Damon's manager?	"thePerson(""Damon"").manager"
multipleEventsRightNowEyesOff	p0	What do I have right now?	findEvents(queryAt(now))
createSubjectDateStatusOOF	p3	"Make an event called ""out of office all day"" for Tuesday and make it out of office"	"createEvent((called(""out of office all day"") and isAllDay) and createAt(Tuesday) and withStatus(FreeBusyStatus.oof))"
Create - clobber attendee and title	p0	Create a meeting called coffee with David	"createEvent((called(""coffee"") and with_(""David"")))"
	p0	I need to schedule a planning meeting tomorrow at 2 with Abby and Bryan	"createEvent((called(""planning meeting"") and createAt(2.oclock on tomorrow)) and with_(""Abby"") and with_(""Bryan""))"
findEmails-3	p1	Find my shiproom emails from yesterday	"findEmails(messageTitleIs(""shiproom"") and messageSentAt(yesterday))"
1 Query by dayofweek and date	p0	What do I have on Tuesday?	findEvents(queryAt(Tuesday))
createEvent - dinnerTime	p1	Schedule a meeting at dinner time	createEvent(createAt(dinnerTime))
	p0	Create an event with my manager	createEvent(with_(me.manager))
eventThisTimeOfDay	p0	What do I have today during the evening?	findEvents(queryAt(evening on today))
eventWithNoConstraint	p0	What's on the schedule?	findEvents0
sayPersonEmptyOfficeLocation	p0	Where is Kim's office	"thePerson(""Kim"").officeLocation"
forwardMailToEventAttendeesAddRecipient	p1	Forward this email to the attendees in the event Standup and also to Bryan	"forwardEmail(messageIdIs(theEmail(`this`[Email]).id) and messageWithTo(theEvent(called(""Standup"")).attendees.all) and messageWithTo(""Bryan""))"
First turn refer using client context get subject	p1	What is the name of this meeting?	theEvent(`this`[Event]).subject.get
eventWithDateAndTitle	p0	Show me appointments on July 25 by the name of Birthday.	"findEvents(queryAt(July /& 25) and called(""Birthday""))"
Create nth DOW	p0	Create a meeting on the third Monday of February	createEvent(createAt(nth[Date](3) /& Monday /& (monthOf(February))))
lastEventXDaysFromDOW		Show me my last meeting 2 days before next Sunday	theEvent(last[Event] and queryAt(theDate(next[Date] /& Sunday) - 2.days))
eventFromEmail1	p0	Schedule a meeting with them.	createEvent(with_(them))
PersonTeam1	p0	What team is Jesse on?	"thePerson(""Jesse"").team"
findEmail- From Person with Attachments	p0	Find emails from Lisa with attachments	"findEmails(messageWithSender(""Lisa"") and messageHasAttachments(true))"
eventResponse2	p2	Decline the invitation to the meeting today.	respond(theEvent(queryAt(today)), withResponse(ResponseStatusType.declined))
replyAllAddingManagerMessage	p1	Reply to everyone on this email adding my manager and say sounds good	"replyAllEmail(messageIdIs(theEmail(`this`[Email]).id) and messageWithTo(me.manager) and messageBodyIs(""sounds good""))"
	p0	Make an event yesterday at 11 am called retrospective	"createEvent(createAt(11.am on yesterday) and called(""retrospective""))"
queryBySubject0	p0	Find events for Surfing Happy Hour.	"findEvents(called(""Surfing Happy Hour""))"
replyAllAddingRecipient	p1	Reply to everyone on this email adding Izabela	"replyAllEmail(messageIdIs(theEmail(`this`[Email]).id) and messageWithTo(""Izabela""))"
findEmails-0-eyesoff	p0	Find my emails.	findEmails0
multipleEventsIsAllDay		Is Team meeting an all day event?	"theEvent(called(""Team meeting"")).isAllDay"
modifyExample		"rename the title of this morning's meeting with ""Q&A"" prepended with ""[optional] """	"modifyEvent(theEvent(queryAt(morning on `this`[Date])), called(""[optional] "" + ""Q&A""))"
Create with holiday next year at time	p0	Create a meeting on Halloween of next year at 8 pm.	createEvent(createAt(8.pm on (Holiday.Halloween /& (next and isYear))))
Query - change the time	p1	what do I have at 3pm?	findEvents(queryAt(3.pm))
goToSearchFirstTurn	p0	Go to search.	goToSearch()
Query with datetime variations	p0	Show me events tomorrow at 8am.	findEvents(queryAt(8.am on tomorrow))
createWithDateTimeWithAttendee0EyesOff	p0	Make a meeting on January 21 at 1:30 pm with Abby	"createEvent(createAt((1 :: 30).pm on (January /& 21)) and with_(""Abby""))"
	p2	Forward my coffee event to Jesse	"forwardEvent(theEvent(called(""coffee"")), sendTo(""Jesse""))"
emailSubject	p1	Make an event and call it the same thing as the email subject	createEvent(called(theEmail0.title))
	p2	Who has not responded to Standup?	"theEvent(called(""Standup"")).attendees.withResponse(ResponseStatusType.notResponded)"
findFile-4	p0	Find my powerpoint	"findFile(withType(""powerpoint""))"
Query at date time	p0	What do I have at 4 pm tomorrow?	findEvents(queryAt(4.pm on tomorrow))
eventWithTwoAttendeesAndEyesOff	p0	What is on my calendar that includes Jesse and David?	"findEvents(with_(""Jesse"") and with_(""David""))"
	p0	Create a meeting with David at 5pm today 	"createEvent(with_(""David"") and createAt(5.pm on today))"
queryMultiEventsAfterTimeTomorrow	p0	What's on my schedule after 6 pm tomorrow.	findEvents(queryAt(after(6.pm) on tomorrow))
isPersonOrganizerMultipleEvents		Is Brad the organizer of Standup?	"theEvent(called(""Standup"")).organizerIs(thePerson(""Brad""))"
Create - change two attendees	p0	Create a meeting with David and Jesse called coffee	"createEvent((with_(""David"") and with_(""Jesse"")) and called(""coffee""))"
	p0	Create a meeting on December 25 2017 at 5 pm named Christmas party	"createEvent(createAt(5.pm on ((December /& 25) /& yearIs(2017))) and called(""Christmas party""))"
	p2	Is Megan attending the Standup?	"theEvent(called(""Standup"")).attendees.isAttending(thePerson(""Megan""))"
multiEventStart		What time does my first event on Monday begin?	theEvent(nth[Event](1) and queryAt(Monday)).start
joinMeetingByPersonNotFound	p1	Join my meeting with Damon	"joinEvent(theEvent(with_(""Damon"")))"
secondEventTomorrow	p0	What is my second event tomorrow?	theEvent(nth[Event](2) and queryAt(tomorrow))
nthEventTimeOfDay	p2	What is my first meeting tomorrow afternoon?	theEvent(nth[Event](1) and queryAt(afternoon on tomorrow))
	p0	Book a meeting with Kim today.	"createEvent(createAt(today) and with_(""Kim""))"
Create starts at MM-DD	p0	Create a meeting starting at 5/30	createEvent(startsAt(month(5) /& 30))
eventResponse1	p2	Accept my invite to Planning.	"respond(theEvent(called(""Planning"")), withResponse(ResponseStatusType.accepted))"
nextEventsWithAttendee		What is the next thing I have with Brad?	"theEvent(next[Event] and with_(""Brad""))"
whereMultipleNextEvents		Where is my next meeting?	theEvent(next[Event]).location
d21annotator2_1	decomp	Check if the size of the list s1 is 5 or less	s1.size <= 5
checkAvailability9	p3	Do you know if John is available during that time?	"availabilityExcludingMe(with_(""John"") and createAt(that[Interval[Instant]])).nonEmpty"
basicReplyMailWithPersonMessage	p1	Reply to Jen and say I am not so sure about this	"replyEmail(messageIdIs(theEmail(`this`[Email]).id)and messageWithTo(""Jen"") and messageBodyIs(""I am not so sure about this""))"
updateEventResponse	p3	What's my next meeting?	theEvent(next[Event])
findEmails-9	p1	Find my low priority emails from last week	findEmails(messageImportanceIs(Importance.Low) and messageSentAt(last[Interval[Date]] and isWeek))
personEmailAddressFallbackTM	p0	What is Damon's email address?	"thePerson(""Damon"").emailAddress"
attendeesIsInvitedTrue	p2	Is Brad invited to Team meeting?	"theEvent(called(""Team meeting"")).attendees.isInvited(thePerson(""Brad""))"
Create - change location	p0	Create a meeting at 5pm today	createEvent(createAt(5.pm on today))
Query on that week eyes off	p0	What do I have that week?	findEvents(queryAt(that[Interval[Date]] and isWeek))
eventResponse4	p2	Accept the invite to Product Planning	"respond(theEvent(called(""Product Planning"")), withResponse(ResponseStatusType.accepted))"
findEmails-1	p1	Find my shiproom emails	"findEmails(messageTitleIs(""shiproom""))"
queryBySubject1	p0	What do I have called dinner?	"findEvents(called(""dinner""))"
Query at date and time interval	p0	What do I have tomorrow between 9 am and 3 pm?	findEvents(queryAt(timeInterval(9.am, 3.pm) on tomorrow))
d74annotator1_0	decomp	Find all events on Monday	findEvents(queryAt(Monday))
queryBySubject0	p0	Show me meetings called brunch talk	"findEvents(called(""brunch talk""))"
First turn refer using client context get duration	p1	What is the duration of this meeting?	theEvent(`this`[Event]).duration
Create - change date	p0	Create a meeting on May 22nd	createEvent(createAt(May /& 22))
d3annotator2_0	decomp	Find all events	findEvents0
joinMeetingByPerson	p1	Join my meeting with David	"joinEvent(theEvent(with_(""David"")))"
1 Create with date time Eyes-off	p0	Schedule a meeting today at 2 pm	createEvent(createAt(2.pm on today))
2 Create with date time in eyes off	p0	Create a meeting tomorrow at 10 am	createEvent(createAt(10.am on tomorrow))
update start and end time eyesOff	p1	When is my next 1:1 with Leah?	"theEvent((next[Event] and isOneOnOne) and with_(""Leah"")).start"
eventwithSubjectAndDate	p0	Search for coffee meetings tomorrow.	"findEvents(called(""coffee meetings"") and queryAt(tomorrow))"
joinMeetingBySubjectNotFound	p1	Join the teams stand up meeting	"joinEvent(theEvent(called(""teams stand up"")))"
forwardUnspecified	p2	Forward my bagel event	"forwardEvent(theEvent(called(""bagel"")), unspecified)"
basicReadMail	p1	Mark this email read.	readEmail(messageIdIs(theEmail(`this`[Email]).id))
Create - change start timeRelative later	p0	Hey Cortana, set up time with David.	"createEvent(with_(""David""))"
Query at this DOW	p0	What do I have this friday??	findEvents(queryAt(`this`[Date] /& Friday))
EventLocationByNext	p2	Where's my next meeting?	theEvent(next[Event]).location
Create meeting during mealtime	p3	Create a meeting during breakfast tomorrow.	createEvent(createAt(breakfastTimeInterval on tomorrow))
eventResponse8	p2	Decline it	respond(theEvent(that[Event]), withResponse(ResponseStatusType.declined))
queryNoEventBeforeTime	p0	What's on my schedule before 9 pm.	findEvents(queryAt(before(9.pm)))
forwardMailToEventAttendees	p1	Forward this email to the attendees in the event Standup	"forwardEmail(messageIdIs(theEmail(`this`[Email]).id) and messageWithTo(theEvent(called(""Standup"")).attendees.all))"
eventWithLocationAndYear	p0	What meetings meetings do I have in Boston this year?	"findEvents(locatedAt(locationNamed(""Boston"")) and queryAt(`this`[Interval[Date]] and isYear))"
createApptAtLocation	p0	Schedule an appointment at the Ruby slipper	"createEvent(locatedAt(locationNamed(""Ruby slipper"")))"
composeEmailForAttendeesWithMessage	p0	Okay, email everyone on that event and let them know I have had to change the starting time to 4:30 pm	"createEmail(messageWithTo(theEvent(that[Event]).attendees.all) and messageBodyIs(""I have had to change the starting time to 4:30 pm""))"
callTwoPeopleOnTeams	p1	Call Bryan and Megan on teams	"call(callWith(""Bryan"") and callWith(""Megan"") and channelIs(CallChannel.Teams))"
joinMeeting	p1	Join my event	joinEvent(theEvent0)
createEventBeforeQueriedEvent	p0	An hour before Planning add tea break on my calendar.	"createEvent(createAt(theEvent(called(""Planning"")).start - 1.hours) and called(""tea break""))"
createSubjectDateRange	p3	Put holidays in my calendar from 15th June until 23rd June	"createEvent((called(""holidays"")) and blocking(dateInterval((15 /& June), (23 /& June))))"
updateEventLateInWeek	p1	When is my next catch up with David?	"theEvent((next[Event] and called(""catch up"")) and with_(""David"")).start"
findEmail-2	p0	Find emails from Lisa	"findEmails(messageWithSender(""Lisa""))"
createMultiDay	p0	Create an event called vacation from August 9 to August 11	"createEvent((called(""vacation"")) and blocking(dateInterval((August /& 9), (August /& 11))))"
Create - change DOW, time, and duration	p0	Create a sales meeting tomorrow in San Francisco at 2 pm for 30 mins	"createEvent((called(""sales meeting"") and createAt(2.pm on tomorrow) and locatedAt(locationNamed(""San Francisco"")) and lastsFor(30.minutes)))"
sayPersonCompanyName	p0	What company does Damon work for?	"thePerson(""Damon"").companyName"
	p0	Schedule a meeting with Julia today at 2 pm called let's meet.	"createEvent((with_(""Julia"") and createAt(2.pm on today)) and called(""let's meet""))"
eventWithMultipleAttendeesEyesOff	p0	Find events with Kelly, Damon, and Abby.	"findEvents((with_(""Kelly"") and with_(""Damon"")) and with_(""Abby""))"
